standard_id,title,product,category,scope,year,status,keywords,related_standards,certification
"IS 13252 (Part 1):2010","Information Technology Equipment - Safety","Laptop / Notebook / Tablet","Electronics & IT","Safety requirements for information technology equipment including laptops notebooks and tablets","2010","Demo Record","laptop notebook tablet computer office PC information technology safety","IS 13252 (Part 2)","BIS/CRS"
"IS 13252 (Part 1):2010","Information Technology Equipment - Safety","Printer / Plotter","Electronics & IT","Safety requirements applicable to printers plotters and information technology equipment","2010","Demo Record","printer plotter office printing computer peripheral safety","IS 13252 (Part 2)","BIS/CRS"
"IS 13252 (Part 1):2010","Information Technology Equipment - Safety","Scanner","Electronics & IT","Safety requirements applicable to scanners and information technology equipment","2010","Demo Record","scanner document scanner office computer peripheral safety","","BIS/CRS"
"IS 13252 (Part 1):2010","Information Technology Equipment - Safety","Wireless Keyboard","Electronics & IT","Safety requirements applicable to wireless keyboards and computer peripherals","2010","Demo Record","wireless keyboard computer peripheral bluetooth keyboard office","","BIS/CRS"
"IS 616:2017","Audio Video and Similar Electronic Apparatus - Safety Requirements","Television","Electronics","Safety requirements for televisions and similar electronic equipment","2017","Demo Record","LED TV LCD television display screen smart television electrical safety","","BIS/CRS"
"IS 616:2017","Audio Video and Similar Electronic Apparatus - Safety Requirements","Amplifier","Electronics","Safety requirements for audio amplifiers and similar electronic apparatus","2017","Demo Record","amplifier audio sound system high power electronic safety","","BIS/CRS"
"IS 302-2-25:2014","Safety of Household Electrical Appliances - Microwave Ovens","Microwave Oven","Home Appliances","Safety requirements for household microwave ovens","2014","Demo Record","microwave oven kitchen appliance cooking electrical safety","","BIS"
"DEMO-LIGHT-001","LED Street Luminaire Requirements","LED Street Light","Lighting","Requirements for LED luminaires used for outdoor road and street lighting","2024","Demo Record","LED street light road lighting highway outdoor luminaire IP65 IP66","DEMO-LIGHT-002;DEMO-TEST-001","BIS"
"DEMO-LIGHT-002","LED Luminaire Safety Requirements","LED Luminaire","Lighting","General safety requirements for LED lighting equipment and luminaires","2024","Demo Record","LED luminaire lamp electrical lighting safety outdoor indoor","DEMO-TEST-001","BIS"
"DEMO-TEST-001","Lighting Equipment Performance Testing","Lighting Equipment","Testing","Performance and electrical testing requirements for lighting products","2023","Demo Record","lighting test LED performance electrical test lumen efficiency","DEMO-LIGHT-001","Testing"
"DEMO-ELEC-001","PVC Insulated Electrical Cable Requirements","Electrical Cable","Electrical","Requirements for PVC insulated electrical cables used in buildings","2024","Demo Record","PVC cable copper wire electrical wiring building residential cable","DEMO-ELEC-002","BIS"
"DEMO-ELEC-002","Electrical Wiring Safety Requirements","Building Wiring","Electrical","Safety requirements for electrical wiring and installations in buildings","2023","Demo Record","electrical wiring building installation cable safety residential commercial","DEMO-ELEC-001","Safety"
"DEMO-SAFE-001","Industrial Safety Helmet Requirements","Safety Helmet","Safety Equipment","Requirements for protective helmets used by workers in industrial and construction environments","2024","Demo Record","safety helmet hard hat construction worker head protection industrial PPE","DEMO-SAFE-002","BIS"
"DEMO-SAFE-002","Protective Equipment Impact Testing","Personal Protective Equipment","Safety Testing","Impact and performance testing requirements for personal protective equipment","2023","Demo Record","PPE impact test helmet protection construction worker safety","DEMO-SAFE-001","Testing"
"DEMO-SAFE-003","Industrial Safety Footwear Requirements","Safety Shoes","Safety Equipment","Requirements for protective footwear used in industrial and construction environments","2024","Demo Record","safety shoes boots construction worker industrial PPE foot protection","","BIS"
"DEMO-CONST-001","Portland Cement Requirements","Cement","Construction","Quality and performance requirements for cement used in building construction","2024","Demo Record","cement concrete building construction government building structural material","DEMO-CONST-002","BIS"
"DEMO-CONST-002","Concrete Testing Requirements","Concrete","Construction Testing","Testing requirements for concrete used in structural construction","2023","Demo Record","concrete test strength compression building construction structural cement","DEMO-CONST-001;DEMO-CONST-003","Testing"
"DEMO-CONST-003","Structural Steel Requirements","Structural Steel","Construction","Requirements for structural steel used in buildings and civil engineering works","2024","Demo Record","steel reinforcement structural building construction beam column metal","DEMO-CONST-002","BIS"
"DEMO-CONST-004","Building Brick Requirements","Bricks","Construction","Quality requirements for bricks used in building construction","2023","Demo Record","brick masonry wall building construction clay brick material","","BIS"
"DEMO-WATER-001","PVC Pipe Requirements for Water Supply","PVC Water Pipe","Water & Plumbing","Requirements for PVC pipes used for potable and building water supply systems","2024","Demo Record","PVC pipe drinking water potable water plumbing water supply building pipe","DEMO-WATER-002","BIS"
"DEMO-WATER-002","Water Supply Pipe Testing","Water Pipes","Water & Plumbing Testing","Performance and pressure testing requirements for pipes used in water supply","2023","Demo Record","pipe pressure test leakage water supply PVC plumbing testing","DEMO-WATER-001","Testing"
"DEMO-WATER-003","Drinking Water Quality Requirements","Drinking Water","Water Quality","Quality requirements for water intended for human consumption","2024","Demo Record","drinking water potable water quality safe water human consumption","DEMO-WATER-001","Quality"
"DEMO-APPL-001","Electric Fan Safety Requirements","Electric Fan","Home Appliances","Safety requirements for household and commercial electric fans","2024","Demo Record","ceiling fan table fan electric fan household appliance electrical safety","","BIS"
"DEMO-APPL-002","Refrigerator Safety Requirements","Refrigerator","Home Appliances","Electrical safety requirements for household refrigerators","2024","Demo Record","refrigerator fridge household appliance cooling electrical safety","","BIS"
"DEMO-APPL-003","Air Conditioner Safety Requirements","Air Conditioner","Home Appliances","Electrical safety requirements for household and commercial air conditioners","2024","Demo Record","air conditioner AC cooling split AC electrical appliance safety","","BIS"
"DEMO-FIRE-001","Fire Extinguisher Requirements","Fire Extinguisher","Fire Safety","Performance and safety requirements for portable fire extinguishing equipment","2024","Demo Record","fire extinguisher fire safety emergency building office portable extinguisher","DEMO-FIRE-002","BIS"
"DEMO-FIRE-002","Building Fire Safety Requirements","Building Fire Safety","Fire Safety","General fire safety requirements for buildings and workplaces","2024","Demo Record","fire safety building office emergency protection construction","DEMO-FIRE-001","Safety"
"DEMO-BATT-001","Portable Battery Safety Requirements","Rechargeable Battery","Battery & Power","Safety requirements for rechargeable batteries used in portable electronic devices","2024","Demo Record","battery lithium rechargeable laptop tablet portable electronics battery safety","DEMO-CHARGER-001","BIS/CRS"
"DEMO-CHARGER-001","Power Adapter Safety Requirements","Power Adapter / Charger","Electronics & IT","Electrical safety requirements for external power adapters used with electronic equipment","2024","Demo Record","charger power adapter laptop 65W USB power supply electrical safety","DEMO-BATT-001","BIS/CRS"
"DEMO-CCTV-001","Video Surveillance Equipment Requirements","CCTV Camera","Electronics & Security","Safety and performance requirements for electronic video surveillance equipment","2024","Demo Record","CCTV camera surveillance security camera video monitoring office outdoor","","BIS"